"","text","favorited","favoriteCount","replyToSN","created","truncated","replyToSID","id","replyToUID","statusSource","screenName","retweetCount","isRetweet","retweeted","longitude","latitude"
"1","#inthebeginning #soffritto #startup #homecooking #buildingblocks #flavors #umami. @laurasanttini… https://t.co/NWWR34LZRX",FALSE,0,NA,2016-09-29 19:31:27,FALSE,NA,"781577146544173056",NA,"<a href=""http://instagram.com"" rel=""nofollow"">Instagram</a>","LauraSanttini",0,FALSE,FALSE,NA,NA
"2","Plot veg Yorkshire pudding <ed><U+00A0><U+00BD><ed><U+00B8><U+0080>happy #allotment #veg #homecooking https://t.co/DlrJOVtOtT",FALSE,1,NA,2016-09-29 19:03:39,FALSE,NA,"781570150235594757",NA,"<a href=""http://twitter.com/#!/download/ipad"" rel=""nofollow"">Twitter for iPad</a>","HolmesAllotment",0,FALSE,FALSE,NA,NA
"3","Get those proteins in. Meat and plant based. #gowerultra50 #fuelling #homecooking https://t.co/1nLOtkAg3q",FALSE,0,NA,2016-09-29 18:58:21,FALSE,NA,"781568819064168450",NA,"<a href=""http://instagram.com"" rel=""nofollow"">Instagram</a>","ivorbend",0,FALSE,FALSE,NA,NA
"4","Ready for the oven . Fresh Turkey Breast. #scratchcooking #homecooking https://t.co/OSP36BBsDe",FALSE,0,NA,2016-09-29 18:54:17,FALSE,NA,"781567792474624001",NA,"<a href=""http://www.apple.com"" rel=""nofollow"">iOS</a>","JEMNutrition",0,FALSE,FALSE,NA,NA
"5","Send us pictures of your culinary masterpiece! we want to see it! #traditional #homecooking #quality #shoplocal #cheshire #sandbach",FALSE,0,NA,2016-09-29 18:48:28,FALSE,NA,"781566331166593024",NA,"<a href=""http://www.vicconsult.com/buffered-bulk-tweets/"" rel=""nofollow"">Buffered Tweets</a>","sandbachbutcher",0,FALSE,FALSE,NA,NA
"6","Polish Plum Butter #instagood #homemade #DIY #love #homecooking #partyplanning #holidays... https://t.co/9W2Lzk9WLI",FALSE,0,NA,2016-09-29 18:48:08,FALSE,NA,"781566246152134656",NA,"<a href=""http://www.facebook.com/twitter"" rel=""nofollow"">Facebook</a>","shonnacoleman",0,FALSE,FALSE,NA,NA
"7","Raisin Bread, great fresh out the oven with butter, Yum #homecooking #variationsoncooking https://t.co/dif8KzRci1 https://t.co/yLwLBGrZ5x",FALSE,0,NA,2016-09-29 18:38:46,FALSE,NA,"781563887284023296",NA,"<a href=""http://twitter.com"" rel=""nofollow"">Twitter Web Client</a>","AndyBNYC",0,FALSE,FALSE,NA,NA
"8","Homemade #chickennuggets and #ovenbakedchips for my boys tonight <ed><U+00A0><U+00BD><ed><U+00B8><U+008A> #homecooking https://t.co/kWC1vTeLj4",FALSE,0,NA,2016-09-29 18:26:49,FALSE,NA,"781560883109519360",NA,"<a href=""http://instagram.com"" rel=""nofollow"">Instagram</a>","kimifan",0,FALSE,FALSE,NA,NA
"9","#lunchtime #foodpics #foodlover #homecooking #homemade #green #vegetables #cooking #happy… https://t.co/DTiGmUobVv",FALSE,0,NA,2016-09-29 18:21:38,FALSE,NA,"781559575220813824",NA,"<a href=""http://instagram.com"" rel=""nofollow"">Instagram</a>","BojanaStr",0,FALSE,FALSE,NA,NA
"10","Looks yummy. <U+263A><U+FE0F> #homecooking https://t.co/sMVYPOZl6g",FALSE,0,NA,2016-09-29 18:20:07,FALSE,NA,"781559193337815040",NA,"<a href=""http://twitter.com/download/iphone"" rel=""nofollow"">Twitter for iPhone</a>","mojos21",0,FALSE,FALSE,NA,NA
"11","Steak and onion rings #steak #beef #homecooking #homemade #gmsdxb #dubai<ed><U+00A0><U+00BC><ed><U+00B7><U+00A6><ed><U+00A0><U+00BC><ed><U+00B7><U+00AA> @ JLT, Dubai, UAE https://t.co/E15cC9OnrG",FALSE,1,NA,2016-09-29 18:19:26,FALSE,NA,"781559022629494784",NA,"<a href=""http://instagram.com"" rel=""nofollow"">Instagram</a>","GMSdotnet",0,FALSE,FALSE,"55.14624031","25.07657016"
"12","RT @Sean_Jonez: Bacon Wrapped Chicken #itslit #homecooking #munchies #amazingfood #fuckthatsdelicious <ed><U+00A0><U+00BD><ed><U+00B2><U+00A3><ed><U+00A0><U+00BD><ed><U+00B2><U+00A3><ed><U+00A0><U+00BD><ed><U+00B2><U+00A3> @… https://t.co/LkCVyOjLLC",FALSE,0,NA,2016-09-29 18:03:37,FALSE,NA,"781555042633469953",NA,"<a href=""http://twitter.com/download/android"" rel=""nofollow"">Twitter for Android</a>","Sean_Jonez",1,TRUE,FALSE,NA,NA
"13","Dinner tonight: Courgette cake, 3 tomato salad with mirin sesame dressing #vegetarian #yummy #homecooking https://t.co/IcdsFBtoGO",FALSE,2,NA,2016-09-29 18:01:47,FALSE,NA,"781554580786126848",NA,"<a href=""http://twitter.com"" rel=""nofollow"">Twitter Web Client</a>","MarkusHoemske",0,FALSE,FALSE,NA,NA
"14","#30DayChallenge #NoTakeoutMonth @GDeLaurentiis Parmesan Crusted Porkchops.  Day 10 and no Takeout! #homecooking… https://t.co/Yf6I6YlQwT",FALSE,0,NA,2016-09-29 17:49:57,TRUE,NA,"781551601769148416",NA,"<a href=""http://twitter.com/download/iphone"" rel=""nofollow"">Twitter for iPhone</a>","LoBiondoPage",0,FALSE,FALSE,NA,NA
"15","Get Holiday Entertaining Ready with Finish! #instagood #homemade #DIY #love #homecooking #partyplanning #holidays... https://t.co/ZGAy8uMJHa",FALSE,0,NA,2016-09-29 17:46:08,FALSE,NA,"781550643953754113",NA,"<a href=""http://www.facebook.com/twitter"" rel=""nofollow"">Facebook</a>","shonnacoleman",0,FALSE,FALSE,NA,NA
"16","#Japanese #Japanesecurry #homemade #snack #<U+30AB><U+30EC><U+30FC><U+30D1><U+30F3><U+306E><U+5177> #<U+30AB><U+30EC><U+30FC><U+30D1><U+30F3> #filling #homemade #breadmaking #homecooking https://t.co/eeWYxywmj6",FALSE,0,NA,2016-09-29 17:31:53,FALSE,NA,"781547055667777536",NA,"<a href=""http://twitter.com"" rel=""nofollow"">Twitter Web Client</a>","ikuetb",0,FALSE,FALSE,NA,NA
"17","#pasta &amp; @QuornFoods mince &amp; #Vegetables #food #foodporn #veggie #vegetarian #cooking #homecooking #tasty #dinner https://t.co/33xSM6Co5H",FALSE,0,NA,2016-09-29 17:11:56,FALSE,NA,"781542036516331520",NA,"<a href=""http://twitter.com/download/iphone"" rel=""nofollow"">Twitter for iPhone</a>","DoctorGOE",0,FALSE,FALSE,NA,NA
"18","Sorry, aber: volle Gönnung. #homecooking https://t.co/D8CPpV9Wfo",FALSE,3,NA,2016-09-29 17:04:07,FALSE,NA,"781540071371632640",NA,"<a href=""http://twitter.com/download/iphone"" rel=""nofollow"">Twitter for iPhone</a>","baranek",0,FALSE,FALSE,NA,NA
"19","EASY CROCKPOT PORK ROAST DINNER WITH ONLY 5 INGREDIENTS! #slowcoker #instagood #homemade #DIY #love #homecooking... https://t.co/hKWHtdrWKO",FALSE,0,NA,2016-09-29 16:45:09,FALSE,NA,"781535296148107265",NA,"<a href=""http://www.facebook.com/twitter"" rel=""nofollow"">Facebook</a>","shonnacoleman",0,FALSE,FALSE,NA,NA
"20","Here's how your slow cooker can help you save for retirement https://t.co/zAcZTwiXem #slowcooker #homecooking #retirement",FALSE,0,NA,2016-09-29 16:35:25,FALSE,NA,"781532844661301248",NA,"<a href=""http://www.hootsuite.com"" rel=""nofollow"">Hootsuite</a>","Fin_Finesse",0,FALSE,FALSE,NA,NA
"21","RT @kuhnperalta: Veal Scallopini with Tagliatelle! #veal #pasta #Foodie #homecooking @PhoodieLife @TwitterFood @FoodTastic https://t.co/E8c…",FALSE,0,NA,2016-09-29 16:33:08,FALSE,NA,"781532271996174336",NA,"<a href=""http://twitter.com"" rel=""nofollow"">Twitter Web Client</a>","majdeyaseenalbd",7,TRUE,FALSE,NA,NA
"22","Homemade pork stir fry for dindins #HomeCooking #ChineseAtHome <ed><U+00A0><U+00BC><ed><U+00BD><U+009C> @… https://t.co/GyNW913rtb",FALSE,0,NA,2016-09-29 15:48:38,FALSE,NA,"781521073208692736",NA,"<a href=""http://instagram.com"" rel=""nofollow"">Instagram</a>","Polly_Gregory",0,FALSE,FALSE,"-1.5106","52.4081"
"23","BLACKBERRY COBBLER WITH VANILLA SAUCE #instagood #homemade #DIY #love #homecooking #partyplanning #holidays... https://t.co/Em0MTJvpGp",FALSE,0,NA,2016-09-29 15:43:09,FALSE,NA,"781519693228244992",NA,"<a href=""http://www.facebook.com/twitter"" rel=""nofollow"">Facebook</a>","shonnacoleman",0,FALSE,FALSE,NA,NA
"24",".@dhmeyer your daughter is pretty awesome. @hallie_meyer @umikitchen #homecooking #delivery #startups https://t.co/MKyqYuqS5A",FALSE,1,NA,2016-09-29 15:41:55,FALSE,NA,"781519383214583808",NA,"<a href=""http://twitter.com"" rel=""nofollow"">Twitter Web Client</a>","EveTurowPaul",0,FALSE,FALSE,NA,NA
"25","Chicken wok #food #foodporn #foodgasm #foodstagram #foodjunkie #instafood #homecook #homecooking… https://t.co/sl2WWrT8xE",FALSE,1,NA,2016-09-29 15:23:05,FALSE,NA,"781514645261602821",NA,"<a href=""http://instagram.com"" rel=""nofollow"">Instagram</a>","TotteLundgren",0,FALSE,FALSE,NA,NA
"26","Fresh Off the Tree - Crab Apple Crisp with Walnuts #Food #HomeCooking #Dessert #Apples #Crisp #CrabApple #Fruit… https://t.co/SnwoO1akQM",FALSE,1,NA,2016-09-29 15:17:00,TRUE,NA,"781513111631036416",NA,"<a href=""http://twitter.com"" rel=""nofollow"">Twitter Web Client</a>","Fearless13Z",0,FALSE,FALSE,NA,NA
"27","Day off celebrating with a veggie omelette!! Yay omelettes are not easy! #eggs #homecooking… https://t.co/eN1lMwePYN",FALSE,0,NA,2016-09-29 15:08:24,FALSE,NA,"781510947206594560",NA,"<a href=""http://instagram.com"" rel=""nofollow"">Instagram</a>","LisaOlson29",0,FALSE,FALSE,NA,NA
"28","If you're in the #Louisville area and into #homecooking, please join our fun FB group Louisville Area Home Cooks - https://t.co/7mbZUbc2BF",FALSE,1,NA,2016-09-29 15:02:51,FALSE,NA,"781509551711485953",NA,"<a href=""http://ifttt.com"" rel=""nofollow"">IFTTT</a>","MetroFoodist",0,FALSE,FALSE,NA,NA
"29","""An uncut woman is the build-up to a beat-drop"" Listening to #HomeCooking from Octavia Collective  https://t.co/bDXIoDJe4E",FALSE,1,NA,2016-09-29 14:56:54,FALSE,NA,"781508055599054848",NA,"<a href=""http://www.hootsuite.com"" rel=""nofollow"">Hootsuite</a>","applessnakesne",0,FALSE,FALSE,NA,NA
"30","BEST HOMEMADE SLOPPY JOES RECIPE #instagood #homemade #DIY #love #homecooking #partyplanning #holidays... https://t.co/7Tb5PanYJm",FALSE,0,NA,2016-09-29 14:52:09,FALSE,NA,"781506859215810560",NA,"<a href=""http://www.facebook.com/twitter"" rel=""nofollow"">Facebook</a>","shonnacoleman",0,FALSE,FALSE,NA,NA
"31","""I pray that home does not get kidnapped by its dark sky"" #HomeCooking by the Octavia Collective - poets, WOC https://t.co/0JrJwF68F4",FALSE,0,NA,2016-09-29 14:48:42,FALSE,NA,"781505991510720512",NA,"<a href=""http://www.hootsuite.com"" rel=""nofollow"">Hootsuite</a>","applessnakesne",0,FALSE,FALSE,NA,NA
"32","Chicken wings in cafe du Paris butter, potato and greenbelt salad #homecooking @ HomeSweetHome https://t.co/OiSc1kPLK8",FALSE,0,NA,2016-09-29 14:46:28,FALSE,NA,"781505429037846529",NA,"<a href=""http://instagram.com"" rel=""nofollow"">Instagram</a>","DSHCONSULTING",0,FALSE,FALSE,"18.960491","-33.767556"
"33","""as British as biscuits, as foreign as tea"" - Europe seen by the Octavia collective https://t.co/ilYcF0rjNN #HomeCooking @rachelnalong",FALSE,0,NA,2016-09-29 14:45:04,FALSE,NA,"781505078058442752",NA,"<a href=""http://twitter.com"" rel=""nofollow"">Twitter Web Client</a>","applessnakesne",0,FALSE,FALSE,NA,NA
"34","#homecooking by me <ed><U+00A0><U+00BC><ed><U+00BD><U+00AF><ed><U+00A0><U+00BC><ed><U+00BD><U+009B><ed><U+00A0><U+00BC><ed><U+00BD><U+00B4><U+2764> @ <U+0E1A><U+0E49><U+0E32><U+0E19><U+0E1B><U+0E17><U+0E38><U+0E21><U+0E27><U+0E31><U+0E19> https://t.co/M5Y8SayeQa",FALSE,0,NA,2016-09-29 14:35:59,FALSE,NA,"781502790971580416",NA,"<a href=""http://instagram.com"" rel=""nofollow"">Instagram</a>","belleciious",0,FALSE,FALSE,"100.53242106","13.75506008"
"35","Practice turkey take 1 #thanksgiving #homecooking https://t.co/YXA0RFt4my",FALSE,0,NA,2016-09-29 14:01:31,FALSE,NA,"781494118232883201",NA,"<a href=""http://instagram.com"" rel=""nofollow"">Instagram</a>","ange_leung",0,FALSE,FALSE,NA,NA
"36","RT @kuhnperalta: Veal Scallopini with Tagliatelle! #veal #pasta #Foodie #homecooking @PhoodieLife @TwitterFood @FoodTastic https://t.co/E8c…",FALSE,0,NA,2016-09-29 13:30:26,FALSE,NA,"781486292349521920",NA,"<a href=""http://twitter.com"" rel=""nofollow"">Twitter Web Client</a>","LCaro294",7,TRUE,FALSE,NA,NA
"37","Cooking dinner for my better half: Chicken Maryland, Asparagus, Fried Noodles #homecooking… https://t.co/g5EGqbvkx1",FALSE,0,NA,2016-09-29 13:09:00,FALSE,NA,"781480900093616128",NA,"<a href=""http://instagram.com"" rel=""nofollow"">Instagram</a>","kembang_tj",0,FALSE,FALSE,NA,NA
"38","There's TONS of benefits to eating at home. Here’s some inspiration that just might help #Top5 #HomeCooking #Cooking https://t.co/qYy6NZxqfM",FALSE,0,NA,2016-09-29 13:05:07,FALSE,NA,"781479922699235328",NA,"<a href=""https://mortgagebulletin.ca/"" rel=""nofollow"">Mortgage Bulletin</a>","SamiaNewton",0,FALSE,FALSE,NA,NA
"39","Pumpkin Oatmeal Raisin Cookies #instagood #homemade #DIY #love #homecooking #partyplanning #holidays... https://t.co/srwlAbUh8C",FALSE,1,NA,2016-09-29 12:57:08,FALSE,NA,"781477913166315520",NA,"<a href=""http://www.facebook.com/twitter"" rel=""nofollow"">Facebook</a>","shonnacoleman",0,FALSE,FALSE,NA,NA
"40","Cooking at home #homecooking #homemade https://t.co/rufVOIUM6I",FALSE,0,NA,2016-09-29 12:55:49,FALSE,NA,"781477581258264576",NA,"<a href=""http://instagram.com"" rel=""nofollow"">Instagram</a>","kembang_tj",0,FALSE,FALSE,NA,NA
"41","Pork &amp; mushroom stir fry for dinner this evening <ed><U+00A0><U+00BC><ed><U+00BD><U+009C> #Homecooking #Lovetocook #StirFry #CookingFever",FALSE,0,NA,2016-09-29 12:53:26,FALSE,NA,"781476981267390464",NA,"<a href=""http://twitter.com/download/iphone"" rel=""nofollow"">Twitter for iPhone</a>","Polly_Gregory",0,FALSE,FALSE,NA,NA
"42","This October Dine With a #Dineadian - https://t.co/WeygvbCHL8 #barbadosdining #homecooking #islandlife #Barbados #isleanddine",FALSE,1,NA,2016-09-29 12:46:00,FALSE,NA,"781475111308230656",NA,"<a href=""http://www.mailchimp.com"" rel=""nofollow"">MailChimp</a>","IsleandDine",0,FALSE,FALSE,NA,NA
"43","#homemade #soup #carrots #redlentils #coriander #chilli flakes #nomnom #comfort food #homecooking https://t.co/l8KtZSF0ZO",FALSE,1,NA,2016-09-29 12:29:44,FALSE,NA,"781471017575284736",NA,"<a href=""http://linkis.com"" rel=""nofollow"">Put your button on any page! </a>","GromKath",0,FALSE,FALSE,NA,NA
"44","Mama Mia! 
Spinach &amp; Chicken &amp; Mashroom Pizza

#chefdecuisine #me #homemade #homecooking… https://t.co/jJKoOvWj0G",FALSE,1,NA,2016-09-29 12:29:06,FALSE,NA,"781470858720051200",NA,"<a href=""http://instagram.com"" rel=""nofollow"">Instagram</a>","_AnnaKonda_",0,FALSE,FALSE,NA,NA
"45","NHS Star baker!!!!! <ed><U+00A0><U+00BC><ed><U+00BC><U+009F><ed><U+00A0><U+00BC><ed><U+00BC><U+009F><ed><U+00A0><U+00BC><ed><U+00BC><U+009F>
#nhs #starbaker #nigellawho

 #nigella #baking #baker #homecooking… https://t.co/dhMNuMC2x7",FALSE,1,NA,2016-09-29 12:25:34,FALSE,NA,"781469968281931776",NA,"<a href=""http://instagram.com"" rel=""nofollow"">Instagram</a>","MakeishaBirdine",0,FALSE,FALSE,NA,NA
"46","Tinowluhh with papayuhhh <U+2764><U+FE0F> #homecooking #ladyboycooks https://t.co/yJOUSjVe7x",FALSE,0,NA,2016-09-29 12:24:53,FALSE,NA,"781469797762686976",NA,"<a href=""http://instagram.com"" rel=""nofollow"">Instagram</a>","krislimcaoco",0,FALSE,FALSE,NA,NA
"47","RT @sugarluvsbutter: Meatballs and Tomato Sauce
https://t.co/VpCDssejuZ #recipe #comfortfood #foodie #cooking #homecooking #meatballs https…",FALSE,0,NA,2016-09-29 12:11:48,FALSE,NA,"781466506932658176",NA,"<a href=""http://twitter.com/download/iphone"" rel=""nofollow"">Twitter for iPhone</a>","kcrenshaw1234",3,TRUE,FALSE,NA,NA
"48","Apple Pie Dippers #instagood #homemade #DIY #love #homecooking #partyplanning #holidays... https://t.co/L2tc10qIus",FALSE,0,NA,2016-09-29 11:55:09,FALSE,NA,"781462316713910272",NA,"<a href=""http://www.facebook.com/twitter"" rel=""nofollow"">Facebook</a>","shonnacoleman",0,FALSE,FALSE,NA,NA
"49","Broad diet = wider variety of gut bacteria = lower levels of visceral fat? https://t.co/ttEaUA5QhK Time for some creative #homecooking!",FALSE,0,NA,2016-09-29 11:31:08,FALSE,NA,"781456270868017153",NA,"<a href=""http://www.hootsuite.com"" rel=""nofollow"">Hootsuite</a>","CookandCount",0,FALSE,FALSE,NA,NA
"50","Udang Goreng Tepung! 
<ed><U+00A0><U+00BD><ed><U+00B8><U+008B><ed><U+00A0><U+00BD><ed><U+00B8><U+008B><ed><U+00A0><U+00BD><ed><U+00B8><U+008B>
.
.
.
#noviskitchen #homecooking #homemade… https://t.co/Ul0sSrp8l2",FALSE,0,NA,2016-09-29 11:17:33,FALSE,NA,"781452852686385152",NA,"<a href=""http://instagram.com"" rel=""nofollow"">Instagram</a>","novia_denugraha",0,FALSE,FALSE,NA,NA
"51","RT @sugarluvsbutter: Meatballs and Tomato Sauce
https://t.co/VpCDssejuZ #recipe #comfortfood #foodie #cooking #homecooking #meatballs https…",FALSE,0,NA,2016-09-29 11:15:23,FALSE,NA,"781452309758898176",NA,"<a href=""http://twitter.com"" rel=""nofollow"">Twitter Web Client</a>","AthanLlewellyn",3,TRUE,FALSE,NA,NA
"52","Pancakes man, fucking pancakes! #recipes #food #homecooking #brunch
https://t.co/lkca0PoyEz https://t.co/ya7h8m7Uis",FALSE,0,NA,2016-09-29 11:14:09,FALSE,NA,"781451998897901568",NA,"<a href=""https://twittimer.com"" rel=""nofollow"">Twittimer</a>","Flawdonline",0,FALSE,FALSE,NA,NA
"53","RT @sugarluvsbutter: Meatballs and Tomato Sauce
https://t.co/VpCDssejuZ #recipe #comfortfood #foodie #cooking #homecooking #meatballs https…",FALSE,0,NA,2016-09-29 11:09:13,FALSE,NA,"781450756842979328",NA,"<a href=""http://twitter.com/download/iphone"" rel=""nofollow"">Twitter for iPhone</a>","fork_tale",3,TRUE,FALSE,NA,NA
"54","Easy Salted Caramel Sauce Recipe: 10 Minutes Start to Finish! #instagood #homemade #DIY #love #homecooking... https://t.co/R9lonlks8a",FALSE,0,NA,2016-09-29 10:53:09,FALSE,NA,"781446713026416640",NA,"<a href=""http://www.facebook.com/twitter"" rel=""nofollow"">Facebook</a>","shonnacoleman",0,FALSE,FALSE,NA,NA
"55","American as Apple Pie #signsofautumn #fallharvest #facsteacher #sweettreats #homecooking… https://t.co/LgAsyNuLTS",FALSE,0,NA,2016-09-29 10:49:33,FALSE,NA,"781445806511497216",NA,"<a href=""http://instagram.com"" rel=""nofollow"">Instagram</a>","tinsandtreasure",0,FALSE,FALSE,NA,NA
"56","I found I looove the taste of #harissa <ed><U+00A0><U+00BD><ed><U+00B2><U+008B><ed><U+00A0><U+00BD><ed><U+00B2><U+008B> #homecooking #originalrecipe 

Fried pork &amp; veggies… https://t.co/pcW4XEQBAE",FALSE,0,NA,2016-09-29 10:23:59,FALSE,NA,"781439371392069633",NA,"<a href=""http://instagram.com"" rel=""nofollow"">Instagram</a>","hitoen9",0,FALSE,FALSE,"140.1","35.6"
"57","Meatballs and Tomato Sauce
https://t.co/VpCDssejuZ #recipe #comfortfood #foodie #cooking #homecooking #meatballs https://t.co/alaMkV62BJ",FALSE,1,NA,2016-09-29 09:40:05,FALSE,NA,"781428323490508801",NA,"<a href=""https://about.twitter.com/products/tweetdeck"" rel=""nofollow"">TweetDeck</a>","sugarluvsbutter",3,FALSE,FALSE,NA,NA
"58","SLOW COOKER APPLE OATMEAL #instagood #homemade #DIY #love #homecooking #partyplanning #holidays... https://t.co/xsdu81T80H",FALSE,2,NA,2016-09-29 08:50:08,FALSE,NA,"781415754583437312",NA,"<a href=""http://www.facebook.com/twitter"" rel=""nofollow"">Facebook</a>","shonnacoleman",0,FALSE,FALSE,NA,NA
"59","Restaurant quality meals cooked by your very own home Robochef :) https://t.co/aIlgRoSNED #food #homecooking… https://t.co/jMX0Q0Hyop",FALSE,1,NA,2016-09-29 08:50:00,TRUE,NA,"781415721888718848",NA,"<a href=""http://twitter.com"" rel=""nofollow"">Twitter Web Client</a>","Menugusto",0,FALSE,FALSE,NA,NA
"60","When we tried out our own #vegantapas!! 
#vegan #vegans #sverige #england #veganfoodhour #foodporn #foodshare… https://t.co/L4ov88w8nm",FALSE,1,NA,2016-09-29 08:33:05,TRUE,NA,"781411461830705156",NA,"<a href=""http://twitter.com"" rel=""nofollow"">Twitter Web Client</a>","Swede_And_Brit",0,FALSE,FALSE,NA,NA
"61","HASSELBACK CHICKEN STUFFED WITH MOZZARELLA, TOMATO AND BASIL RECIPE #instagood #homemade #DIY #love #homecooking... https://t.co/i5REUeJHtk",FALSE,1,NA,2016-09-29 07:49:08,FALSE,NA,"781400402512273408",NA,"<a href=""http://www.facebook.com/twitter"" rel=""nofollow"">Facebook</a>","shonnacoleman",0,FALSE,FALSE,NA,NA
"62","#cooking via https://t.co/yFNdtvsbdk <ed><U+00A0><U+00BC><ed><U+00BD><U+00BD> #comfortfood #homemade #balancedeating #realfood #homecooking #pies <ed><U+00A0><U+00BC><ed><U+00BD><U+00B4> https://t.co/U5bMNm40pk",FALSE,2,NA,2016-09-29 07:28:56,FALSE,NA,"781395319544307712",NA,"<a href=""http://www.ripl.com"" rel=""nofollow"">Ripl App</a>","Michellenels1",0,FALSE,FALSE,NA,NA
"63","RT @PerthGigolo: Tonight's dinner. Special spiced Lamb fillets :) #perthescorts #perth #escortwhocancook #homecooking #foodporn #maleescort…",FALSE,0,NA,2016-09-29 07:14:12,FALSE,NA,"781391610198290432",NA,"<a href=""http://twitter.com"" rel=""nofollow"">Twitter Web Client</a>","zwa3121",1,TRUE,FALSE,NA,NA
"64","RT @CreweDaniel: Part 2 #homecooking #whynot https://t.co/VYfLY3SCgQ",FALSE,0,NA,2016-09-29 07:09:11,FALSE,NA,"781390350002913280",NA,"<a href=""http://twitter.com"" rel=""nofollow"">Twitter Web Client</a>","Yvo9F",1,TRUE,FALSE,NA,NA
"65","Polish Plum Butter #instagood #homemade #DIY #love #homecooking #partyplanning #holidays... https://t.co/aPwcEpqPdy",FALSE,0,NA,2016-09-29 06:47:08,FALSE,NA,"781384799009304576",NA,"<a href=""http://www.facebook.com/twitter"" rel=""nofollow"">Facebook</a>","shonnacoleman",0,FALSE,FALSE,NA,NA
"66","Winter is not yet over - warm more then your heart &amp; sole – Hot Soups and more
  @VZUGSYD #soup #food #winter… https://t.co/hjfRlDoyzI",FALSE,3,NA,2016-09-29 06:32:17,TRUE,NA,"781381063666835456",NA,"<a href=""http://twitter.com"" rel=""nofollow"">Twitter Web Client</a>","VZUGSYD",0,FALSE,FALSE,NA,NA
"67","2am, jet lagged, #gyoza #homecooking https://t.co/IOrlHeD3E5",FALSE,0,NA,2016-09-29 06:01:27,FALSE,NA,"781373305500545024",NA,"<a href=""http://instagram.com"" rel=""nofollow"">Instagram</a>","cchandra",0,FALSE,FALSE,NA,NA
"68","Get Holiday Entertaining Ready with Finish! #instagood #homemade #DIY #love #homecooking #partyplanning #holidays... https://t.co/XCkGKwwvFh",FALSE,0,NA,2016-09-29 05:46:08,FALSE,NA,"781369447550427136",NA,"<a href=""http://www.facebook.com/twitter"" rel=""nofollow"">Facebook</a>","shonnacoleman",0,FALSE,FALSE,NA,NA
"69","Anyone else ever cooking, like, ""Garlic... Salt... Pepper..."" #SaltNPepa #homecooking #90sMusic https://t.co/EK1RIzapYG",FALSE,0,NA,2016-09-29 05:24:44,FALSE,NA,"781364064010121220",NA,"<a href=""http://twitter.com/download/android"" rel=""nofollow"">Twitter for Android</a>","RufusCricket",0,FALSE,FALSE,NA,NA
"70","EASY CROCKPOT PORK ROAST DINNER WITH ONLY 5 INGREDIENTS! #slowcoker #instagood #homemade #DIY #love #homecooking... https://t.co/RsAo1jioKM",FALSE,0,NA,2016-09-29 04:45:06,FALSE,NA,"781354091549192192",NA,"<a href=""http://www.facebook.com/twitter"" rel=""nofollow"">Facebook</a>","shonnacoleman",0,FALSE,FALSE,NA,NA
"71","RT @SuzannePaschke: Taking a break from #amediting homemade sausage rolls for lunch. Nom! #homecooking https://t.co/wlYAp5Y0qC",FALSE,0,NA,2016-09-29 04:26:59,FALSE,NA,"781349530172284928",NA,"<a href=""https://roundteam.co"" rel=""nofollow"">RoundTeam</a>","authorskmiller",1,TRUE,FALSE,NA,NA
"72","Taking a break from #amediting homemade sausage rolls for lunch. Nom! #homecooking https://t.co/wlYAp5Y0qC",FALSE,2,NA,2016-09-29 04:11:08,FALSE,NA,"781345541590364160",NA,"<a href=""http://twitter.com/download/iphone"" rel=""nofollow"">Twitter for iPhone</a>","SuzannePaschke",1,FALSE,FALSE,NA,NA
"73","RT @mimai1122: Daddy cooked #spaghetti! Always the yummiest for me!<ed><U+00A0><U+00BD><ed><U+00B8><U+0083><ed><U+00A0><U+00BD><ed><U+00B8><U+0098><ed><U+00A0><U+00BE><ed><U+00B4><U+0093>#food #homecooking #foodporn #foodie… https://t.co/D8w0s55YG4",FALSE,0,NA,2016-09-29 04:08:51,FALSE,NA,"781344965091790848",NA,"<a href=""http://www.sfxworks.net"" rel=""nofollow"">quantom_nom</a>","quantom_nom",1,TRUE,FALSE,NA,NA
"74","Daddy cooked #spaghetti! Always the yummiest for me!<ed><U+00A0><U+00BD><ed><U+00B8><U+0083><ed><U+00A0><U+00BD><ed><U+00B8><U+0098><ed><U+00A0><U+00BE><ed><U+00B4><U+0093>#food #homecooking #foodporn #foodie… https://t.co/D8w0s55YG4",FALSE,0,NA,2016-09-29 03:50:35,FALSE,NA,"781340370311446529",NA,"<a href=""http://instagram.com"" rel=""nofollow"">Instagram</a>","mimai1122",1,FALSE,FALSE,"124.67099212","8.46746674"
"75","BLACKBERRY COBBLER WITH VANILLA SAUCE #instagood #homemade #DIY #love #homecooking #partyplanning #holidays... https://t.co/jiVZgw4Czd",FALSE,2,NA,2016-09-29 03:43:12,FALSE,NA,"781338511463047168",NA,"<a href=""http://www.facebook.com/twitter"" rel=""nofollow"">Facebook</a>","shonnacoleman",0,FALSE,FALSE,NA,NA
"76","Bacon Wrapped MiniMeatloaf
https://t.co/Y5xBTeqFCs
#bacon #recipe #RecipeOfTheDay #dinneridea #cooking #HOMECOOKING https://t.co/r8I4w6bIKC",FALSE,1,NA,2016-09-29 03:41:01,FALSE,NA,"781337963103854592",NA,"<a href=""https://about.twitter.com/products/tweetdeck"" rel=""nofollow"">TweetDeck</a>","sugarluvsbutter",0,FALSE,FALSE,NA,NA
"77","Preview of the October Holiday Cookie News Letter, https://t.co/LUNKuuvi48
#homecooking #variationsoncooking https://t.co/HLUepb4Zkj",FALSE,0,NA,2016-09-29 03:28:28,FALSE,NA,"781334803002036225",NA,"<a href=""http://twitter.com"" rel=""nofollow"">Twitter Web Client</a>","AndyBNYC",0,FALSE,FALSE,NA,NA
"78","The perfect dish to compliment #rice! Soy Sauce Infused Steamed Pork Patty! #homecooking! https://t.co/63ktvvrcqS",FALSE,0,NA,2016-09-29 03:16:16,FALSE,NA,"781331732972777472",NA,"<a href=""http://twitter.com/download/android"" rel=""nofollow"">Twitter for Android</a>","c_thoughts",0,FALSE,FALSE,NA,NA
"79","The healthy eating trend continues with at #home! Vegetarian #StirFry with Celery, Chinese Cabbage and Mushrooms!… https://t.co/ewOTuH6QUF",FALSE,0,NA,2016-09-29 03:10:38,TRUE,NA,"781330317353377792",NA,"<a href=""http://twitter.com/download/android"" rel=""nofollow"">Twitter for Android</a>","c_thoughts",0,FALSE,FALSE,NA,NA
"80","RT @BeerMistress: Made that gravlax myself! First time ever and delighted with the results! #NationalDrinkBeerDay #craftbeer #homecooking @…",FALSE,0,NA,2016-09-29 03:03:37,FALSE,NA,"781328552541184000",NA,"<a href=""http://twitter.com/download/android"" rel=""nofollow"">Twitter for Android</a>","DamnCheisss",23,TRUE,FALSE,NA,NA
"81","RT @BeerMistress: Made that gravlax myself! First time ever and delighted with the results! #NationalDrinkBeerDay #craftbeer #homecooking @…",FALSE,0,NA,2016-09-29 03:03:33,FALSE,NA,"781328535680086016",NA,"<a href=""http://twitter.com/download/android"" rel=""nofollow"">Twitter for Android</a>","allie_curtis4",23,TRUE,FALSE,NA,NA
"82","RT @BeerMistress: Made that gravlax myself! First time ever and delighted with the results! #NationalDrinkBeerDay #craftbeer #homecooking @…",FALSE,0,NA,2016-09-29 03:03:32,FALSE,NA,"781328531464851457",NA,"<a href=""http://twitter.com/download/android"" rel=""nofollow"">Twitter for Android</a>","abdullahalmaim2",23,TRUE,FALSE,NA,NA
"83","RT @BeerMistress: Made that gravlax myself! First time ever and delighted with the results! #NationalDrinkBeerDay #craftbeer #homecooking @…",FALSE,0,NA,2016-09-29 03:03:21,FALSE,NA,"781328485109395460",NA,"<a href=""http://twitter.com/download/android"" rel=""nofollow"">Twitter for Android</a>","alshammri30m",23,TRUE,FALSE,NA,NA
"84","RT @BeerMistress: Made that gravlax myself! First time ever and delighted with the results! #NationalDrinkBeerDay #craftbeer #homecooking @…",FALSE,0,NA,2016-09-29 03:03:20,FALSE,NA,"781328478838808576",NA,"<a href=""http://twitter.com/download/android"" rel=""nofollow"">Twitter for Android</a>","yo_nlall_horan",23,TRUE,FALSE,NA,NA
"85","RT @BeerMistress: Made that gravlax myself! First time ever and delighted with the results! #NationalDrinkBeerDay #craftbeer #homecooking @…",FALSE,0,NA,2016-09-29 03:03:17,FALSE,NA,"781328468277620736",NA,"<a href=""http://twitter.com/download/android"" rel=""nofollow"">Twitter for Android</a>","MlcaGhibaude",23,TRUE,FALSE,NA,NA
"86","RT @BeerMistress: Made that gravlax myself! First time ever and delighted with the results! #NationalDrinkBeerDay #craftbeer #homecooking @…",FALSE,0,NA,2016-09-29 03:03:16,FALSE,NA,"781328464024592384",NA,"<a href=""http://twitter.com/download/android"" rel=""nofollow"">Twitter for Android</a>","srw_063",23,TRUE,FALSE,NA,NA
"87","RT @BeerMistress: Made that gravlax myself! First time ever and delighted with the results! #NationalDrinkBeerDay #craftbeer #homecooking @…",FALSE,0,NA,2016-09-29 03:03:14,FALSE,NA,"781328452716605441",NA,"<a href=""http://twitter.com/download/android"" rel=""nofollow"">Twitter for Android</a>","mmm46636967",23,TRUE,FALSE,NA,NA
"88","RT @BeerMistress: Made that gravlax myself! First time ever and delighted with the results! #NationalDrinkBeerDay #craftbeer #homecooking @…",FALSE,0,NA,2016-09-29 03:03:09,FALSE,NA,"781328434769358864",NA,"<a href=""http://twitter.com/download/android"" rel=""nofollow"">Twitter for Android</a>","GlV_Us_a_Kissyy",23,TRUE,FALSE,NA,NA
"89","RT @BeerMistress: Made that gravlax myself! First time ever and delighted with the results! #NationalDrinkBeerDay #craftbeer #homecooking @…",FALSE,0,NA,2016-09-29 03:03:07,FALSE,NA,"781328426112315393",NA,"<a href=""http://twitter.com/download/android"" rel=""nofollow"">Twitter for Android</a>","khai_amoona",23,TRUE,FALSE,NA,NA
"90","RT @BeerMistress: Made that gravlax myself! First time ever and delighted with the results! #NationalDrinkBeerDay #craftbeer #homecooking @…",FALSE,0,NA,2016-09-29 03:03:02,FALSE,NA,"781328403374936064",NA,"<a href=""http://twitter.com/download/android"" rel=""nofollow"">Twitter for Android</a>","LoyaltyExlst",23,TRUE,FALSE,NA,NA
"91","RT @BeerMistress: Made that gravlax myself! First time ever and delighted with the results! #NationalDrinkBeerDay #craftbeer #homecooking @…",FALSE,0,NA,2016-09-29 03:02:59,FALSE,NA,"781328390821412864",NA,"<a href=""http://twitter.com/download/android"" rel=""nofollow"">Twitter for Android</a>","jesseaton78",23,TRUE,FALSE,NA,NA
"92","RT @BeerMistress: Made that gravlax myself! First time ever and delighted with the results! #NationalDrinkBeerDay #craftbeer #homecooking @…",FALSE,0,NA,2016-09-29 03:02:48,FALSE,NA,"781328344361099264",NA,"<a href=""http://twitter.com/download/android"" rel=""nofollow"">Twitter for Android</a>","k4ateduck",23,TRUE,FALSE,NA,NA
"93","RT @BeerMistress: Made that gravlax myself! First time ever and delighted with the results! #NationalDrinkBeerDay #craftbeer #homecooking @…",FALSE,0,NA,2016-09-29 03:02:39,FALSE,NA,"781328306511683585",NA,"<a href=""http://twitter.com/download/android"" rel=""nofollow"">Twitter for Android</a>","d0rkynana",23,TRUE,FALSE,NA,NA
"94","RT @BeerMistress: Made that gravlax myself! First time ever and delighted with the results! #NationalDrinkBeerDay #craftbeer #homecooking @…",FALSE,0,NA,2016-09-29 03:02:37,FALSE,NA,"781328298055983104",NA,"<a href=""http://twitter.com/download/android"" rel=""nofollow"">Twitter for Android</a>","Karlaarclla",23,TRUE,FALSE,NA,NA
"95","RT @BeerMistress: Made that gravlax myself! First time ever and delighted with the results! #NationalDrinkBeerDay #craftbeer #homecooking @…",FALSE,0,NA,2016-09-29 03:02:30,FALSE,NA,"781328270847385601",NA,"<a href=""http://twitter.com/download/android"" rel=""nofollow"">Twitter for Android</a>","loosh7120089",23,TRUE,FALSE,NA,NA
"96","RT @BeerMistress: Made that gravlax myself! First time ever and delighted with the results! #NationalDrinkBeerDay #craftbeer #homecooking @…",FALSE,0,NA,2016-09-29 03:02:26,FALSE,NA,"781328251662761984",NA,"<a href=""http://twitter.com/download/android"" rel=""nofollow"">Twitter for Android</a>","HlsNameIsOx",23,TRUE,FALSE,NA,NA
"97","RT @BeerMistress: Made that gravlax myself! First time ever and delighted with the results! #NationalDrinkBeerDay #craftbeer #homecooking @…",FALSE,0,NA,2016-09-29 03:02:25,FALSE,NA,"781328247439167488",NA,"<a href=""http://twitter.com/download/android"" rel=""nofollow"">Twitter for Android</a>","Sh4wwtyStaccs",23,TRUE,FALSE,NA,NA
"98","RT @BeerMistress: Made that gravlax myself! First time ever and delighted with the results! #NationalDrinkBeerDay #craftbeer #homecooking @…",FALSE,0,NA,2016-09-29 03:02:22,FALSE,NA,"781328234919108608",NA,"<a href=""http://twitter.com/download/android"" rel=""nofollow"">Twitter for Android</a>","jennkatharine61",23,TRUE,FALSE,NA,NA
"99","RT @BeerMistress: Made that gravlax myself! First time ever and delighted with the results! #NationalDrinkBeerDay #craftbeer #homecooking @…",FALSE,0,NA,2016-09-29 03:02:16,FALSE,NA,"781328209640030208",NA,"<a href=""http://twitter.com/download/android"" rel=""nofollow"">Twitter for Android</a>","getbuslnessflow",23,TRUE,FALSE,NA,NA
"100","RT @BeerMistress: Made that gravlax myself! First time ever and delighted with the results! #NationalDrinkBeerDay #craftbeer #homecooking @…",FALSE,0,NA,2016-09-29 03:02:14,FALSE,NA,"781328201113071616",NA,"<a href=""http://twitter.com/download/android"" rel=""nofollow"">Twitter for Android</a>","JustinClark78",23,TRUE,FALSE,NA,NA
"101","Italian sausage gnocchi #coloradofoodie #homecooking #foodie #denverfoodie #italiannight… https://t.co/JGMrifRBFg",FALSE,2,NA,2016-09-29 03:01:50,FALSE,NA,"781328103888990208",NA,"<a href=""http://instagram.com"" rel=""nofollow"">Instagram</a>","lyspost",0,FALSE,FALSE,"-104.984","39.7392"
"102","Red wine braised beef cheeks has cozy autumn dish written all over it. #homecooking #homemade… https://t.co/OD5JXe76Dz",FALSE,0,NA,2016-09-29 03:00:41,FALSE,NA,"781327813785690113",NA,"<a href=""http://instagram.com"" rel=""nofollow"">Instagram</a>","ScrumpFitFood",0,FALSE,FALSE,NA,NA
"103","Made that gravlax myself! First time ever and delighted with the results! #NationalDrinkBeerDay #craftbeer… https://t.co/83X9SOiV2T",FALSE,19,NA,2016-09-29 02:57:31,TRUE,NA,"781327013944565761",NA,"<a href=""http://twitter.com/download/android"" rel=""nofollow"">Twitter for Android</a>","BeerMistress",23,FALSE,FALSE,NA,NA
"104","#veggiecurry! #itswhatsfordinner #homecooking https://t.co/9Mg49kCEEN",FALSE,0,NA,2016-09-29 02:51:06,FALSE,NA,"781325399561269251",NA,"<a href=""http://instagram.com"" rel=""nofollow"">Instagram</a>","ryanzhelp",0,FALSE,FALSE,NA,NA
"105","Pumpkin Oatmeal Raisin Cookies #instagood #homemade #DIY #love #homecooking #partyplanning #holidays... https://t.co/fImVL8H7Qj",FALSE,0,NA,2016-09-29 02:46:25,FALSE,NA,"781324220454277122",NA,"<a href=""http://www.facebook.com/twitter"" rel=""nofollow"">Facebook</a>","shonnacoleman",0,FALSE,FALSE,NA,NA
"106","Easy Salted Caramel Sauce Recipe: 10 Minutes Start to Finish! #instagood #homemade #DIY #love #homecooking... https://t.co/PO1RsW4Cxl",FALSE,1,NA,2016-09-29 02:44:22,FALSE,NA,"781323704760406016",NA,"<a href=""http://www.facebook.com/twitter"" rel=""nofollow"">Facebook</a>","shonnacoleman",0,FALSE,FALSE,NA,NA
"107","SLOW COOKER APPLE OATMEAL #instagood #homemade #DIY #love #homecooking #partyplanning #holidays... https://t.co/B352L9CHHh",FALSE,0,NA,2016-09-29 02:40:49,FALSE,NA,"781322811071688704",NA,"<a href=""http://www.facebook.com/twitter"" rel=""nofollow"">Facebook</a>","shonnacoleman",0,FALSE,FALSE,NA,NA
"108","<U+30B3><U+30C8><U+30B3><U+30C8>

#<U+6771><U+5761><U+8089> #<U+30C8><U+30F3><U+30DD><U+30A6><U+30ED><U+30A6> #<U+624B><U+6599><U+7406> #<U+304A><U+3046><U+3061><U+3054><U+306F><U+3093> #<U+4ED5><U+8FBC><U+307F><U+4E2D> #2<U+65E5><U+76EE> #<U+30D5><U+30FC><U+30C9><U+30DD><U+30EB><U+30CE> #braisedpork #porkbelly #homecooking… https://t.co/ZRYevMtS7a",FALSE,0,NA,2016-09-29 02:29:33,FALSE,NA,"781319978633064448",NA,"<a href=""http://instagram.com"" rel=""nofollow"">Instagram</a>","SaschaOkamoto",0,FALSE,FALSE,NA,NA
"109","Tikka masala with a cucumber yogurt salad and a vegetable curry. #food #foodie #homecooking… https://t.co/m3UroOTOmL",FALSE,1,NA,2016-09-29 02:29:25,FALSE,NA,"781319943652384768",NA,"<a href=""http://instagram.com"" rel=""nofollow"">Instagram</a>","Bunnydav1d",1,FALSE,FALSE,NA,NA
"110","Swedish meatballs with parsley parmesan garlic bread #yummy #homecooking #lifeisgood https://t.co/tI16YrMibW",FALSE,0,NA,2016-09-29 02:03:00,FALSE,NA,"781313295638728704",NA,"<a href=""http://instagram.com"" rel=""nofollow"">Instagram</a>","4getYouNever",0,FALSE,FALSE,NA,NA
"111","Sticky Broccoli Rice @plated #platedpics #homecooking https://t.co/XXBRaF4Jq6 https://t.co/WiHbzlaAwV",FALSE,1,NA,2016-09-29 02:02:31,FALSE,NA,"781313172770881540",NA,"<a href=""http://ifttt.com"" rel=""nofollow"">IFTTT</a>","NoodleHeadMpls",0,FALSE,FALSE,NA,NA
"112","Love being able to watch the Tigers on fox. #homecooking #playoffpush #GoTigers",FALSE,0,NA,2016-09-29 01:59:47,FALSE,NA,"781312487442489346",NA,"<a href=""http://twitter.com/download/iphone"" rel=""nofollow"">Twitter for iPhone</a>","_zrich",0,FALSE,FALSE,NA,NA
"113","Bangus Sinigang #milkfish #foodtrip #foodporn #foodstagram #foodie #homecooking #homecookedmeal… https://t.co/EZFtzbxHH6",FALSE,0,NA,2016-09-29 01:52:29,FALSE,NA,"781310649418690560",NA,"<a href=""http://instagram.com"" rel=""nofollow"">Instagram</a>","xtrmdrh",0,FALSE,FALSE,"121.075","14.5267"
"114","Davis and Buck get tossed last night... Bautista and Upton don't tonight #HomeCooking",FALSE,2,NA,2016-09-29 01:50:11,FALSE,NA,"781310071607267332",NA,"<a href=""http://twitter.com/download/iphone"" rel=""nofollow"">Twitter for iPhone</a>","Philshifley21",0,FALSE,FALSE,NA,NA
"115","An addictive, authentic beef Massaman curry #recipe https://t.co/LL1wsKhBrv #Thaicooking #homecooking #food #travel",FALSE,0,NA,2016-09-29 01:15:47,FALSE,NA,"781301412961611776",NA,"<a href=""https://www.socialoomph.com"" rel=""nofollow"">SocialOomph</a>","laradunston",0,FALSE,FALSE,NA,NA
"116","RT @leila_fong: Crispy salmon with dill, side of orzo, with lemon zest, green beans and pecorino Romano cheese. #homecooking https://t.co/F…",FALSE,0,NA,2016-09-29 01:15:45,FALSE,NA,"781301403897606144",NA,"<a href=""http://twitter.com/download/android"" rel=""nofollow"">Twitter for Android</a>","syldadil",1,TRUE,FALSE,NA,NA
"117","#yummyfood #homecooking #madebyme #ilovetoeat #freshfood #lifeisgood… https://t.co/kGjsXEUbkS",FALSE,0,NA,2016-09-29 01:10:50,FALSE,NA,"781300169107177472",NA,"<a href=""http://instagram.com"" rel=""nofollow"">Instagram</a>","PamPambe",0,FALSE,FALSE,NA,NA
"118","Crispy salmon with dill, side of orzo, with lemon zest, green beans and pecorino Romano cheese. #homecooking https://t.co/FZKU5p9VLO",FALSE,1,NA,2016-09-29 00:49:28,FALSE,NA,"781294789589344256",NA,"<a href=""http://twitter.com/download/iphone"" rel=""nofollow"">Twitter for iPhone</a>","leila_fong",1,FALSE,FALSE,NA,NA
"119","This morning catch is tonight's dinner. #whitefish #GTBAY #homecooking #fresh #tcmi @ East Bay,… https://t.co/rxxSW46y4S",FALSE,0,NA,2016-09-29 00:34:31,FALSE,NA,"781291028342976512",NA,"<a href=""http://instagram.com"" rel=""nofollow"">Instagram</a>","TheHODGESGroup",0,FALSE,FALSE,"-85.50365241","44.7692792"
"120","Branzino at home #branzino #homecooking #fish #miami #freshfish… https://t.co/yPJucwGdlz",FALSE,0,NA,2016-09-29 00:22:12,FALSE,NA,"781287929612304384",NA,"<a href=""http://instagram.com"" rel=""nofollow"">Instagram</a>","lisw19",0,FALSE,FALSE,NA,NA
"121","Supervising mum's cooking again! <ed><U+00A0><U+00BD><ed><U+00B0><U+00B1><ed><U+00A0><U+00BD><ed><U+00B8><U+00AE>
#homecooking #cats #catlovers #catphotography #foodies… https://t.co/n4bmh8ZLz7",FALSE,0,NA,2016-09-29 00:12:13,FALSE,NA,"781285415730946049",NA,"<a href=""http://instagram.com"" rel=""nofollow"">Instagram</a>","beatrixtury",0,FALSE,FALSE,NA,NA
"122","My post workout dinner #steak #protein #vegetables #homecooking #foodie #cleaneating… https://t.co/oBnTXmW7fo",FALSE,1,NA,2016-09-28 23:51:25,FALSE,NA,"781280180279050240",NA,"<a href=""http://instagram.com"" rel=""nofollow"">Instagram</a>","ProudBhutanese",0,FALSE,FALSE,NA,NA
"123","Korean-style boneless pork chops with dill mashed potatoes &amp; tomatoes #yum #homecooking… https://t.co/6xByv0f3RR",FALSE,0,NA,2016-09-28 23:40:28,FALSE,NA,"781277425430695936",NA,"<a href=""http://instagram.com"" rel=""nofollow"">Instagram</a>","lowalee",0,FALSE,FALSE,NA,NA
"124","Good morning! Cooking arroz caldo for breakfast. #bedweather #comfortfood #homecooking https://t.co/c17ApDFbjQ",FALSE,1,NA,2016-09-28 23:38:03,FALSE,NA,"781276816166248448",NA,"<a href=""http://instagram.com"" rel=""nofollow"">Instagram</a>","maphyducky",0,FALSE,FALSE,NA,NA
"125","Good food for a shitty day #HomeIsWhereTheNomsAre #dip #homecooking https://t.co/UQacsOS2Q9",FALSE,1,NA,2016-09-28 23:35:27,FALSE,NA,"781276162270097411",NA,"<a href=""http://instagram.com"" rel=""nofollow"">Instagram</a>","wazzra",0,FALSE,FALSE,NA,NA
"126","Spaghetti with shrimp, green tomato, garlic, bread crumbs and parsley. #homecooking #endofsummer… https://t.co/Fo57smu9bz",FALSE,2,NA,2016-09-28 23:30:34,FALSE,NA,"781274934735675393",NA,"<a href=""http://instagram.com"" rel=""nofollow"">Instagram</a>","nappleman",0,FALSE,FALSE,"-74.0064","40.7142"
"127","Eleven SmartPoints. #weightwatchers #yum #dinner #homecooking *turkey burger on gluten free… https://t.co/0tq61ei4dT",FALSE,4,NA,2016-09-28 23:28:46,FALSE,NA,"781274480278593536",NA,"<a href=""http://instagram.com"" rel=""nofollow"">Instagram</a>","ActorBeccaMcCoy",0,FALSE,FALSE,NA,NA
"128","20160928
<U+7518><U+8F9B><U+624B><U+7FBD><U+5148>
<U+80E1><U+74DC><U+30E8><U+30FC><U+30B0><U+30EB><U+30C8><U+548C><U+3048><U+30B5><U+30E9><U+30C0>
<U+306A><U+3081><U+3053><U+5473><U+564C><U+6C41>
<U+307B><U+3046><U+308C><U+3093><U+8349><U+3068><U+3057><U+3089><U+3059><U+306E><U+304A><U+3072><U+305F><U+3057>
#homecooking #cooking #japanesefood #misosoup #cucumbersalad... https://t.co/FTpXD34rQ3",FALSE,0,NA,2016-09-28 23:22:52,FALSE,NA,"781272998938550272",NA,"<a href=""http://www.facebook.com/twitter"" rel=""nofollow"">Facebook</a>","kuro_saya",0,FALSE,FALSE,NA,NA
"129","So far, ""Quick &amp; Easy Chinese"" is living up to its name. #miseenplace #weeknightdinner #homecooking #tw https://t.co/2AWKo0TMv0",FALSE,1,NA,2016-09-28 23:22:17,FALSE,NA,"781272852200906752",NA,"<a href=""http://ifttt.com"" rel=""nofollow"">IFTTT</a>","annewolfepostic",0,FALSE,FALSE,NA,NA
"130","Crispy salmon with orzo, green beans and cucumber salad. #dinner #blueapron #homecooking https://t.co/sTCX86yewM",FALSE,0,NA,2016-09-28 23:17:21,FALSE,NA,"781271608371458048",NA,"<a href=""http://instagram.com"" rel=""nofollow"">Instagram</a>","JannisJZChen",0,FALSE,FALSE,NA,NA
"131","After long day on the road, back home grilling some Porterhouse and sipping Doz Fincas Malbec... #homecooking https://t.co/hcL3Mgn9PE",FALSE,2,NA,2016-09-28 23:14:31,FALSE,NA,"781270893729288192",NA,"<a href=""http://twitter.com/download/iphone"" rel=""nofollow"">Twitter for iPhone</a>","RadGrapes",0,FALSE,FALSE,NA,NA
"132","#potato #tornados before and after #potatotornado #vegan #glutenfree #homecooking #foodallergies https://t.co/1wJoKdCwxW",FALSE,2,NA,2016-09-28 23:07:42,FALSE,NA,"781269180767010816",NA,"<a href=""http://instagram.com"" rel=""nofollow"">Instagram</a>","sil1ygrrl",0,FALSE,FALSE,NA,NA
"133","Bacon Wrapped Chicken #itslit #homecooking #munchies #amazingfood #fuckthatsdelicious <ed><U+00A0><U+00BD><ed><U+00B2><U+00A3><ed><U+00A0><U+00BD><ed><U+00B2><U+00A3><ed><U+00A0><U+00BD><ed><U+00B2><U+00A3> @… https://t.co/LkCVyOjLLC",FALSE,0,NA,2016-09-28 23:05:49,FALSE,NA,"781268705938403329",NA,"<a href=""http://instagram.com"" rel=""nofollow"">Instagram</a>","Sean_Jonez",1,FALSE,FALSE,"-77.52700433","37.62583517"
"134","Bon Apetite! First dinner with @HelloFresh  #HelloFreshPics #homecooking https://t.co/weuBsqSaUT",FALSE,0,NA,2016-09-28 23:01:39,FALSE,NA,"781267658511482880",NA,"<a href=""http://twitter.com/download/android"" rel=""nofollow"">Twitter for Android</a>","Mrs_BigBadWolf_",0,FALSE,FALSE,NA,NA
"135","Made corned beef in crock pot last night. Tonite I used the cooking liquid leftover to make soup. Score! #slowcooker #homecooking",FALSE,1,NA,2016-09-28 22:57:47,FALSE,NA,"781266685525422081",NA,"<a href=""http://twitter.com/download/android"" rel=""nofollow"">Twitter for Android</a>","jenmassicotte",0,FALSE,FALSE,NA,NA
"136","Bison Cheeseburger Chili Con Carne #Bison #Cheeseburger #Chili #ConCarne #Food #HomeCooking #Tortillas… https://t.co/rmDZ5BkceZ",FALSE,0,NA,2016-09-28 22:55:13,TRUE,NA,"781266037870387200",NA,"<a href=""http://twitter.com"" rel=""nofollow"">Twitter Web Client</a>","Fearless13Z",0,FALSE,FALSE,NA,NA
"137","This with mashed potatoes and peas! Dinner done right tonight! <ed><U+00A0><U+00BD><ed><U+00B8><U+008D> #dinner #homecooking https://t.co/QJc826P7tl",FALSE,0,NA,2016-09-28 22:42:33,FALSE,NA,"781262850731876352",NA,"<a href=""http://instagram.com"" rel=""nofollow"">Instagram</a>","carlylibbon",0,FALSE,FALSE,NA,NA
"138","#Beef Vegetable Stew https://t.co/YyM0C4MiQO #garlic #vegetable #healthy #diet #leftovers #canada #stew #homecooking",FALSE,0,NA,2016-09-28 22:20:21,FALSE,NA,"781257264644624385",NA,"<a href=""http://twitter.com"" rel=""nofollow"">Twitter Web Client</a>","Bodyfatcoach",0,FALSE,FALSE,NA,NA
"139","<U+0627><U+062F><U+0631><U+06A9> <U+0686><U+06A9><U+0646> <U+06A9><U+0691><U+0627><U+06C1><U+06CC> (adraki murgh karahi). #homecooking #homecooked #pakistani #gingerchicken… https://t.co/m6MAHy4FKt",FALSE,0,NA,2016-09-28 22:15:06,FALSE,NA,"781255944877387776",NA,"<a href=""http://instagram.com"" rel=""nofollow"">Instagram</a>","manggy",0,FALSE,FALSE,NA,NA
"140","Pumpkin and Chicken Bake... #foodie #homechef #foodgasm #homecooking #foodstagram #pumpkin… https://t.co/nyR60oqTzu",FALSE,1,NA,2016-09-28 22:10:51,FALSE,NA,"781254873333522432",NA,"<a href=""http://instagram.com"" rel=""nofollow"">Instagram</a>","Germano_Rdz",0,FALSE,FALSE,NA,NA
"141","#homecooking 4 Steps to Perfect Pan-Seared Chicken Breasts https://t.co/Ui4cRiaXzE",FALSE,0,NA,2016-09-28 22:05:35,FALSE,NA,"781253548575170560",NA,"<a href=""http://twitter.com/download/iphone"" rel=""nofollow"">Twitter for iPhone</a>","RestaurantClubX",0,FALSE,FALSE,NA,NA
"142","Just made fresh cod fish fingers w/ a lemon dill aioli! #foodie #food #chef #yummy #tasty #chef #foodtruck… https://t.co/keJk7ODMm2",FALSE,16,NA,2016-09-28 22:04:43,TRUE,NA,"781253331134062592",NA,"<a href=""http://twitter.com/download/iphone"" rel=""nofollow"">Twitter for iPhone</a>","Flairboy",0,FALSE,FALSE,NA,NA
"143","#buckwheat #crêpe #peanutbutter #chocolate #banana #food #foodie #foodpics  #foodlover #yummy #delicious  #homecook… https://t.co/NbwhtbEkgj",FALSE,1,NA,2016-09-28 21:43:04,TRUE,NA,"781247881831387136",NA,"<a href=""http://twitter.com/download/android"" rel=""nofollow"">Twitter for Android</a>","creativehomecoo",0,FALSE,FALSE,NA,NA
"144","Trying out a recipe for ratatouille. There's a first time for everything. #HomeCooking… https://t.co/GPHbyy0R6C",FALSE,0,NA,2016-09-28 21:37:41,FALSE,NA,"781246528568647680",NA,"<a href=""http://instagram.com"" rel=""nofollow"">Instagram</a>","janifer",0,FALSE,FALSE,NA,NA
"145","RT @KrisGelder: Beef pot pies #foodporn #puffpastry #potpie #homemade #homecooking #comfortfood https://t.co/qzVmYtj1WB",FALSE,0,NA,2016-09-28 21:09:05,FALSE,NA,"781239328114704384",NA,"<a href=""http://www.sfxworks.net"" rel=""nofollow"">quantom_nom</a>","quantom_nom",1,TRUE,FALSE,NA,NA
"146","Not just for kiddies you know....
Homemade Fish Finger Wraps with lettuce, pickles &amp; homemade tartare sauce… https://t.co/X4DYuDtet8",FALSE,4,NA,2016-09-28 21:08:24,TRUE,NA,"781239156747952128",NA,"<a href=""http://twitter.com/download/iphone"" rel=""nofollow"">Twitter for iPhone</a>","KenmareFoodies",0,FALSE,FALSE,NA,NA
"147","RT @AndyBNYC: Today's recipe on https://t.co/LUNKuudGFy, Stuffed Cabbage, #homecooking #variationsoncooking https://t.co/O2K1h2QOpM",FALSE,0,NA,2016-09-28 21:00:16,FALSE,NA,"781237109667487748",NA,"<a href=""http://greenproweb.com"" rel=""nofollow"">wp tweet green pro web</a>","myshanbug",1,TRUE,FALSE,NA,NA
"148","Today's recipe on https://t.co/LUNKuudGFy, Stuffed Cabbage, #homecooking #variationsoncooking https://t.co/O2K1h2QOpM",FALSE,3,NA,2016-09-28 20:56:45,FALSE,NA,"781236226611306497",NA,"<a href=""http://twitter.com"" rel=""nofollow"">Twitter Web Client</a>","AndyBNYC",1,FALSE,FALSE,NA,NA
"149","Beef pot pies #foodporn #puffpastry #potpie #homemade #homecooking #comfortfood https://t.co/qzVmYtj1WB",FALSE,2,NA,2016-09-28 20:54:52,FALSE,NA,"781235751954636800",NA,"<a href=""http://instagram.com"" rel=""nofollow"">Instagram</a>","KrisGelder",1,FALSE,FALSE,NA,NA
"150","RT @cookwithjames: Welcome Google engineering search team to @cookhousesf ! @thecozymeal #homecooking #sanfrancisco… https://t.co/YeRQEMM2Ws",FALSE,0,NA,2016-09-28 20:52:36,FALSE,NA,"781235179561955328",NA,"<a href=""http://twitter.com/download/iphone"" rel=""nofollow"">Twitter for iPhone</a>","CookhouseSF",1,TRUE,FALSE,NA,NA
"151","Welcome Google engineering search team to @cookhousesf ! @thecozymeal #homecooking #sanfrancisco… https://t.co/YeRQEMM2Ws",FALSE,0,NA,2016-09-28 20:50:43,FALSE,NA,"781234707144937472",NA,"<a href=""http://instagram.com"" rel=""nofollow"">Instagram</a>","cookwithjames",1,FALSE,FALSE,NA,NA
"152","Welcome Google engineering search team to @cookhousesf ! @thecozymeal #homecooking #sanfrancisco… https://t.co/86mrKVO1SX",FALSE,0,NA,2016-09-28 20:50:26,FALSE,NA,"781234637314019332",NA,"<a href=""http://instagram.com"" rel=""nofollow"">Instagram</a>","cookwithjames",0,FALSE,FALSE,NA,NA
"153","Can we say beautifully master piece. .. #germanchocolatecake #homecooking #southerncooking… https://t.co/Qf2dLZqdzx",FALSE,1,NA,2016-09-28 20:49:09,FALSE,NA,"781234314063339520",NA,"<a href=""http://instagram.com"" rel=""nofollow"">Instagram</a>","DALEMARIE",0,FALSE,FALSE,NA,NA
"154","Welcome Google engineering search team to @cookhousesf ! @thecozymeal #homecooking #sanfrancisco… https://t.co/ATxsb6AA8u",FALSE,1,NA,2016-09-28 20:48:57,FALSE,NA,"781234260946526210",NA,"<a href=""http://instagram.com"" rel=""nofollow"">Instagram</a>","cookwithjames",0,FALSE,FALSE,NA,NA
"155","Welcome Google engineering search team to @cookhousesf ! @thecozymeal #homecooking #sanfrancisco… https://t.co/Db6Ace0CsY",FALSE,0,NA,2016-09-28 20:48:46,FALSE,NA,"781234217489358848",NA,"<a href=""http://instagram.com"" rel=""nofollow"">Instagram</a>","cookwithjames",0,FALSE,FALSE,NA,NA
"156","Homemade German chocolate  cake.. <ed><U+00A0><U+00BD><ed><U+00B8><U+0084> 
#homemade #homecooking #southerncooking #dessert… https://t.co/JRQNdwCC0C",FALSE,0,NA,2016-09-28 20:47:57,FALSE,NA,"781234012333408256",NA,"<a href=""http://instagram.com"" rel=""nofollow"">Instagram</a>","DALEMARIE",0,FALSE,FALSE,NA,NA
"157","#yum #soup is done!! Time to relax for 5 min while I eat.... #norestformom #momlife #homecooking… https://t.co/woSpdbAXnS",FALSE,1,NA,2016-09-28 20:47:05,FALSE,NA,"781233793503993856",NA,"<a href=""http://instagram.com"" rel=""nofollow"">Instagram</a>","miss_ebochan",0,FALSE,FALSE,NA,NA
"158","Happy Wednesday!
.
.
.
#Bucharest #Romania #lunch #flowers #homecooking #instatraveling #instapassport #travelbug #… https://t.co/FagnBfXaao",FALSE,1,NA,2016-09-28 20:43:10,FALSE,NA,"781232807716741120",NA,"<a href=""http://ifttt.com"" rel=""nofollow"">IFTTT</a>","Nicole_Janeway",0,FALSE,FALSE,NA,NA
"159","Welcome Google engineering search team to @cookhousesf ! @thecozymeal #homecooking #sanfrancisco… https://t.co/Q9pkMANadT",FALSE,1,NA,2016-09-28 20:42:06,FALSE,NA,"781232538761113600",NA,"<a href=""http://instagram.com"" rel=""nofollow"">Instagram</a>","cookwithjames",0,FALSE,FALSE,NA,NA
"160","Welcome Google engineering search team to @cookhousesf ! @thecozymeal #homecooking #sanfrancisco… https://t.co/nSvDGZh9ol",FALSE,0,NA,2016-09-28 20:41:25,FALSE,NA,"781232366484201472",NA,"<a href=""http://instagram.com"" rel=""nofollow"">Instagram</a>","cookwithjames",0,FALSE,FALSE,"-122.40639671","37.79757928"
"161","Oh yeah!  First soup of the season!!!  #soupa #soupinga #fall #homecooking #whatsfordinner… https://t.co/PG26vhzDT1",FALSE,0,NA,2016-09-28 20:35:03,FALSE,NA,"781230762838425601",NA,"<a href=""http://instagram.com"" rel=""nofollow"">Instagram</a>","ChrissyACeramic",0,FALSE,FALSE,NA,NA
"162","Didn't have onions, but salsa works... and I love this grater! #almostdone #homecooking… https://t.co/ErMcv7ucFw",FALSE,1,NA,2016-09-28 20:17:40,FALSE,NA,"781226390960111616",NA,"<a href=""http://instagram.com"" rel=""nofollow"">Instagram</a>","miss_ebochan",0,FALSE,FALSE,NA,NA
"163","Small Victories is on my #shelf while the rest are #wishlisted! Gorgeous collection right here by @nytimes #food… https://t.co/o6ivEbwE5H",FALSE,0,NA,2016-09-28 20:16:56,TRUE,NA,"781226205437530112",NA,"<a href=""http://twitter.com"" rel=""nofollow"">Twitter Web Client</a>","reachnisha",0,FALSE,FALSE,NA,NA
"164","With #RoyalVisitCanada hitting the #Okanagan yesterday, #apples are on the menu today.  #recipes #homecooking #soup https://t.co/m5e3CAXn4I",FALSE,3,NA,2016-09-28 19:52:45,FALSE,NA,"781220120945319937",NA,"<a href=""https://about.twitter.com/products/tweetdeck"" rel=""nofollow"">TweetDeck</a>","whitewatercooks",1,FALSE,FALSE,NA,NA
"165","Today is a monumental day as tonight you'll be able to order @TrybeApp from the comfort of your computer. #homecooking #love #foodtrybe",FALSE,1,NA,2016-09-28 19:51:41,FALSE,NA,"781219851520147456",NA,"<a href=""http://twitter.com"" rel=""nofollow"">Twitter Web Client</a>","AnaHeilbron",0,FALSE,FALSE,NA,NA
"166","It's one of those nights where the food on the plate looks disgusting but tastes oh so delicious. #homecooking #win",FALSE,1,NA,2016-09-28 19:35:38,FALSE,NA,"781215812447301633",NA,"<a href=""http://twitter.com/download/iphone"" rel=""nofollow"">Twitter for iPhone</a>","Anjipowerr",0,FALSE,FALSE,NA,NA
"167","Last nights #plums grilling. #homecooking Got on the wrong train tonight so slowly heading home… https://t.co/vjtIKZncRP",FALSE,0,NA,2016-09-28 19:13:18,FALSE,NA,"781210191513681920",NA,"<a href=""http://instagram.com"" rel=""nofollow"">Instagram</a>","Triciabbn",0,FALSE,FALSE,NA,NA
"168","Couscous salad #foodporn #couscous #feta #salad #homemade #homecooking https://t.co/j5UxD1gC5E",FALSE,0,NA,2016-09-28 19:13:13,FALSE,NA,"781210169715941376",NA,"<a href=""http://instagram.com"" rel=""nofollow"">Instagram</a>","KrisGelder",0,FALSE,FALSE,NA,NA
"169","Red velvet cake #redvelvet #homecooking #birthday #foodporn https://t.co/SiefDVpLVu",FALSE,0,NA,2016-09-28 19:11:54,FALSE,NA,"781209840857284608",NA,"<a href=""http://instagram.com"" rel=""nofollow"">Instagram</a>","KrisGelder",0,FALSE,FALSE,NA,NA
"170","Autumn inspiration
#bloodsausage #ovenbaked #apple  and crunchy #pumpkinseeds salad.
#foodblogger #homecooking https://t.co/SacI2jTz0S",FALSE,1,NA,2016-09-28 19:06:36,FALSE,NA,"781208506460413954",NA,"<a href=""http://twitter.com/download/android"" rel=""nofollow"">Twitter for Android</a>","GastroNote_eu",0,FALSE,FALSE,NA,NA
"171","Chicken noodle stir fry for #dinner tonight! 

#yum #food #noodles #homecooking #familyfood… https://t.co/9TW8vQe8ZZ",FALSE,0,NA,2016-09-28 18:52:12,FALSE,NA,"781204882015526912",NA,"<a href=""http://instagram.com"" rel=""nofollow"">Instagram</a>","Emzicles16",0,FALSE,FALSE,NA,NA
"172","Slow cooker stew. Pork belly, aubergine, porcini, pancetta. #food #homecooking #nofilter #foodie https://t.co/eW9vJmEmg6",FALSE,0,NA,2016-09-28 18:49:22,FALSE,NA,"781204170019901440",NA,"<a href=""http://instagram.com"" rel=""nofollow"">Instagram</a>","snigskitchen",0,FALSE,FALSE,NA,NA
"173","Cookin, chattin' drinkin'<U+2764><U+FE0F> #cooking #thaifood #greencurry #homecooking https://t.co/BhjhPS6wwH",FALSE,0,NA,2016-09-28 18:47:53,FALSE,NA,"781203797066522624",NA,"<a href=""http://instagram.com"" rel=""nofollow"">Instagram</a>","2bagsandadog",0,FALSE,FALSE,NA,NA
"174","Autumn I love you and food...! #dinner #foodie #autumn #homecooking #foodporn #countrygirl… https://t.co/Akb7EFZ51T",FALSE,2,NA,2016-09-28 18:37:08,FALSE,NA,"781201090163437568",NA,"<a href=""http://instagram.com"" rel=""nofollow"">Instagram</a>","Lydia_bridges",0,FALSE,FALSE,NA,NA
"175","Have you had homemade Sunday lunch in your local? book the Man of Steel in Pontfaen, #backingnewport #smallbusiness #homecooking #buylocal",FALSE,4,NA,2016-09-28 18:31:26,FALSE,NA,"781199657179422720",NA,"<a href=""http://twitter.com"" rel=""nofollow"">Twitter Web Client</a>","luna_feli",0,FALSE,FALSE,NA,NA
"176","Chicken Adoboooooo ! Who's ready for lunch? #homecooking #flipfood https://t.co/lIwZH0V8cl",FALSE,0,NA,2016-09-28 18:28:31,FALSE,NA,"781198922832351232",NA,"<a href=""http://instagram.com"" rel=""nofollow"">Instagram</a>","chriszz19",0,FALSE,FALSE,NA,NA
"177","Son's home for supper ... Prawn Curry with tamarind, ginger &amp; toasted coconut #homecooking #curry https://t.co/QyIyivKQL3",FALSE,1,NA,2016-09-28 18:23:56,FALSE,NA,"781197769973325824",NA,"<a href=""http://twitter.com/download/iphone"" rel=""nofollow"">Twitter for iPhone</a>","TrashyBlonde45",0,FALSE,FALSE,NA,NA
"178","#Lunch is too #expensive and many people are choosing to bring #foods from #home rather than #eat out
https://t.co/f9gSqpQW9h
#homecooking",FALSE,0,NA,2016-09-28 18:20:40,FALSE,NA,"781196945679261697",NA,"<a href=""http://twitter.com"" rel=""nofollow"">Twitter Web Client</a>","EatColorfullyRD",0,FALSE,FALSE,NA,NA
"179","Quick pasta with prawns... https://t.co/OVG0xt6d4u #comfortfood #matprat #homecooking https://t.co/PCSJM2c01K",FALSE,0,NA,2016-09-28 18:19:26,FALSE,NA,"781196636412383232",NA,"<a href=""http://twitter.com"" rel=""nofollow"">Twitter Web Client</a>","rettipanna",0,FALSE,FALSE,NA,NA
"180","#Beef Vegetable Stew https://t.co/gCgyV5eBqE #garlic #vegetable #healthy #diet #leftovers #canada #stew #homecooking",FALSE,0,NA,2016-09-28 18:16:31,FALSE,NA,"781195902056824832",NA,"<a href=""http://twitter.com"" rel=""nofollow"">Twitter Web Client</a>","Bodyfatcoach",0,FALSE,FALSE,NA,NA
"181","Pizza and Pie night! #biggreenegg #pies #applepie #baking #pizza #homecooking #family #cheatmeal… https://t.co/PTPqoDPTA8",FALSE,0,NA,2016-09-28 18:10:20,FALSE,NA,"781194347161194496",NA,"<a href=""http://instagram.com"" rel=""nofollow"">Instagram</a>","Flavour_Finder",0,FALSE,FALSE,NA,NA
"182","Big fat chicken dinner after a week of eating chips twice a day everyday on holiday! <ed><U+00A0><U+00BC><ed><U+00BD><U+00BD>#homecooking… https://t.co/VezGHRXD0n",FALSE,0,NA,2016-09-28 18:02:27,TRUE,NA,"781192362718625792",NA,"<a href=""http://twitter.com/download/iphone"" rel=""nofollow"">Twitter for iPhone</a>","ShannonJean0694",0,FALSE,FALSE,NA,NA
"183","Cajun sweet potato fries are a delicious alternative side dish #recipe #homecooking https://t.co/b8Or4kNJ1Y https://t.co/6482fe31sJ",FALSE,0,NA,2016-09-28 18:00:07,FALSE,NA,"781191772823257092",NA,"<a href=""http://sproutsocial.com"" rel=""nofollow"">Sprout Social</a>","Gorenje_UK",0,FALSE,FALSE,NA,NA
"184","They said, ""what an absolute sweetheart!"" But I thought it was more savoury. #homecooking",FALSE,0,NA,2016-09-28 17:05:07,FALSE,NA,"781177934543552512",NA,"<a href=""http://twitter.com/download/iphone"" rel=""nofollow"">Twitter for iPhone</a>","HugoBBurton",0,FALSE,FALSE,NA,NA
"185","time for dinner @wahaca #mexicanfood #streetfood #foodporn #food #mexican #homecooking… https://t.co/MPLXnIn3uX",FALSE,1,NA,2016-09-28 17:02:14,FALSE,NA,"781177206689132545",NA,"<a href=""http://instagram.com"" rel=""nofollow"">Instagram</a>","babyfacedez",0,FALSE,FALSE,NA,NA
"186","Getting a quick chest circuit in at home #homecooking #cltfitness #chestday https://t.co/vBuqq3oyrr",FALSE,1,NA,2016-09-28 16:58:14,FALSE,NA,"781176202484715520",NA,"<a href=""http://instagram.com"" rel=""nofollow"">Instagram</a>","KEL_of_EL",0,FALSE,FALSE,NA,NA
"187","Filling = Your fav fruit combo + lemon zest + orange juice + sprinkle of flour! #homecooking #mom #momlife… https://t.co/wiHq8FEEzm",FALSE,1,NA,2016-09-28 16:31:39,TRUE,NA,"781169510728499200",NA,"<a href=""http://www.hootsuite.com"" rel=""nofollow"">Hootsuite</a>","PrenatalEase",0,FALSE,FALSE,NA,NA
"188","<U+304B><U+3064><U+304A><U+306E><U+305F><U+305F><U+304D><U+3001><U+3072><U+3058><U+304D><U+716E><U+3001><U+308C><U+3093><U+3053><U+3093><U+306E><U+7518><U+9162><U+6F2C><U+3051><U+3001><U+7384><U+7C73><U+9ED2><U+7C73> #homecooking #<U+8F9B><U+82FA><U+98EF>  #<U+30D3><U+30AA><U+30DE><U+30EB><U+30B7><U+30A7> 
<U+4ECA><U+65E5><U+306F><U+3072><U+3068><U+308A><U+3054><U+306F><U+3093><U+306A><U+306E><U+3067><U+8CEA><U+7D20> https://t.co/DUACS8sDPa https://t.co/aX0Ca3Qvhk",FALSE,0,NA,2016-09-28 16:27:27,FALSE,NA,"781168454560808960",NA,"<a href=""http://ifttt.com"" rel=""nofollow"">IFTTT</a>","spicy_ichigo",0,FALSE,FALSE,NA,NA
"189","Post workout meal. #leftovers #wobblyegg #homecooking #pancakes #eggs #porkbelly #salsavalentina… https://t.co/4EoThZm2Hx",FALSE,0,NA,2016-09-28 16:27:20,FALSE,NA,"781168424999280640",NA,"<a href=""http://instagram.com"" rel=""nofollow"">Instagram</a>","bmrwarren",0,FALSE,FALSE,NA,NA
"190","#Vegan n #glutenfree Ragi Rotti for dinner tonight. #recipe - https://t.co/ijB6Z6TPFe #healthyeating #wholegrain… https://t.co/YMzS0ySB8d",FALSE,0,NA,2016-09-28 16:12:31,TRUE,NA,"781164695772332032",NA,"<a href=""http://twitter.com/download/iphone"" rel=""nofollow"">Twitter for iPhone</a>","MeetSia",0,FALSE,FALSE,NA,NA
"191","Tonight's dinner. Special spiced Lamb fillets :) #perthescorts #perth #escortwhocancook #homecooking #foodporn… https://t.co/gWuoJvzMx6",FALSE,0,NA,2016-09-28 16:08:03,TRUE,NA,"781163572449599489",NA,"<a href=""http://twitter.com"" rel=""nofollow"">Twitter Web Client</a>","PerthGigolo",1,FALSE,FALSE,NA,NA
"192","Got #potroast &amp; deconstructed green bean bundles in the #crockpot today. Creamed potatoes &amp; rolls will complete… https://t.co/4gkRNlogkX",FALSE,0,NA,2016-09-28 16:08:00,TRUE,NA,"781163560604934144",NA,"<a href=""http://twitter.com/download/iphone"" rel=""nofollow"">Twitter for iPhone</a>","SuzyFHomemaker",0,FALSE,FALSE,NA,NA
"193","Love the fact that this is an option on the @fitnaturally eating plan <ed><U+00A0><U+00BD><ed><U+00B2><U+0097> #homecooking #foodporn #delish… https://t.co/pGmQG7aIVO",FALSE,0,NA,2016-09-28 15:59:20,TRUE,NA,"781161377553641472",NA,"<a href=""http://twitter.com/download/iphone"" rel=""nofollow"">Twitter for iPhone</a>","deliciousreal16",0,FALSE,FALSE,NA,NA
"194","Full table of home cooked Japanese meal :D 

#<U+5BB6><U+5EAD><U+6599><U+7406> #<U+548C><U+98DF> #<U+5B9A><U+98DF> #<U+7F8E><U+5473><U+3057><U+3044> #<U+5065><U+5EB7> #homecooking #japanese… https://t.co/9bcHQpT4Xm",FALSE,0,NA,2016-09-28 15:51:40,FALSE,NA,"781159446890287108",NA,"<a href=""http://instagram.com"" rel=""nofollow"">Instagram</a>","SakurazukaM",0,FALSE,FALSE,NA,NA
"195","RT @pooh22315: Starting the day right ! #goodmorning #breakfast #food #homecooking #fitnessforlife #paleo… https://t.co/9ltUCgZIxh",FALSE,0,NA,2016-09-28 15:48:45,FALSE,NA,"781158713331548160",NA,"<a href=""http://twitter.com"" rel=""nofollow"">Twitter Web Client</a>","amandafusionla",1,TRUE,FALSE,NA,NA
"196","Lunch. Ribeye Steak With Carrots, Broccoli, And Onions. #lyricalchef #homecooking #foodiegram… https://t.co/Uvre8c8iKk",FALSE,0,NA,2016-09-28 15:36:24,FALSE,NA,"781155604912041984",NA,"<a href=""http://instagram.com"" rel=""nofollow"">Instagram</a>","diesel_e718",0,FALSE,FALSE,"-72.97962749","40.87176614"
"197","Lunch. Ribeye Steak With Carrots, Broccoli, And Onions. #lyricalchef #homecooking #foodiegram… https://t.co/JCSDtdqi2z",FALSE,0,NA,2016-09-28 15:34:56,FALSE,NA,"781155236651995136",NA,"<a href=""http://instagram.com"" rel=""nofollow"">Instagram</a>","diesel_e718",0,FALSE,FALSE,"-72.97962749","40.87176614"
"198","RT @TwiceDeSpice: Tasty Tuesday with this homemade Double Cheeseburger <ed><U+00A0><U+00BC><ed><U+00BD><U+0094><ed><U+00A0><U+00BD><ed><U+00B8><U+008D><ed><U+00A0><U+00BD><ed><U+00B9><U+008C><ed><U+00A0><U+00BC><ed><U+00BF><U+00BD>#twicedespice #homecooking #homemadehamburger #doublecheeseburge…",FALSE,0,NA,2016-09-28 15:26:01,FALSE,NA,"781152992116572160",NA,"<a href=""http://twitter.com/download/iphone"" rel=""nofollow"">Twitter for iPhone</a>","Narida12",2,TRUE,FALSE,NA,NA
"199","Starting the day right ! #goodmorning #breakfast #food #homecooking #fitnessforlife #paleo… https://t.co/9ltUCgZIxh",FALSE,1,NA,2016-09-28 15:07:13,FALSE,NA,"781148263663542272",NA,"<a href=""http://instagram.com"" rel=""nofollow"">Instagram</a>","pooh22315",1,FALSE,FALSE,NA,NA
"200","<U+30AC><U+30C8><U+30FC><U+30B7><U+30E7><U+30B3><U+30E9><U+713C><U+3044><U+305F><U+2764><U+FE0F> <U+8003><U+3048><U+4E8B><U+3092><U+3057><U+3066><U+3044><U+305F><U+3089><U+7C89><U+7CD6><U+304B><U+3051><U+904E><U+304E><U+3061><U+3083><U+3063><U+305F><U+3088><ed><U+00A0><U+00BD><ed><U+00B8><U+0085>
#homemade #chocolatecake #baking #cake #homecooking #food… https://t.co/Sg9li8JQRi",FALSE,0,NA,2016-09-28 14:39:35,FALSE,NA,"781141310082195456",NA,"<a href=""http://instagram.com"" rel=""nofollow"">Instagram</a>","ausyoshietralia",0,FALSE,FALSE,NA,NA
